{"cameraMode":{"drawMode":0,"name":"Shaded","section":"Shading Mode"},"sceneLighting":true,"audioPlay":false,"sceneViewState":{"m_AlwaysRefresh":false,"showFog":true,"showSkybox":true,"showFlares":true,"showImageEffects":true,"showParticleSystems":true,"showVisualEffectGraphs":true,"m_FxEnabled":true},"in2DMode":false,"pivot":{"x":25.647369384765626,"y":43.210540771484378,"z":28.73149871826172},"rotation":{"x":0.02250729687511921,"y":-0.9365792274475098,"z":0.3445311188697815,"w":0.061020828783512118},"size":42.62441635131836,"orthographic":false}