{"cameraMode":{"drawMode":0,"name":"Shaded","section":"Shading Mode"},"sceneLighting":true,"audioPlay":false,"sceneViewState":{"m_AlwaysRefresh":false,"showFog":true,"showSkybox":true,"showFlares":true,"showImageEffects":true,"showParticleSystems":true,"showVisualEffectGraphs":true,"m_FxEnabled":true},"in2DMode":false,"pivot":{"x":-0.26677078008651736,"y":1.075528621673584,"z":-1.2845776081085206},"rotation":{"x":0.47194644808769228,"y":0.13571929931640626,"z":-0.07379451394081116,"w":0.8680134415626526},"size":2.709052324295044,"orthographic":false}