{"cameraMode":{"drawMode":0,"name":"Shaded","section":"Shading Mode"},"sceneLighting":true,"audioPlay":false,"sceneViewState":{"m_AlwaysRefresh":false,"showFog":true,"showSkybox":true,"showFlares":true,"showImageEffects":true,"showParticleSystems":true,"showVisualEffectGraphs":true,"m_FxEnabled":true},"in2DMode":false,"pivot":{"x":0.5820007920265198,"y":5.1171488761901859,"z":-2.5653131008148195},"rotation":{"x":0.4813891649246216,"y":0.028104448691010476,"z":-0.01550454180687666,"w":0.8759730458259583},"size":1.65682852268219,"orthographic":false}