{"cameraMode":{"drawMode":0,"name":"Shaded","section":"Shading Mode"},"sceneLighting":true,"audioPlay":false,"sceneViewState":{"m_AlwaysRefresh":false,"showFog":true,"showSkybox":true,"showFlares":true,"showImageEffects":true,"showParticleSystems":true,"showVisualEffectGraphs":true,"m_FxEnabled":true},"in2DMode":false,"pivot":{"x":3.980563163757324,"y":6.392246246337891,"z":1.7466340065002442},"rotation":{"x":0.058328814804553989,"y":-0.8095464110374451,"z":0.08163433521986008,"w":0.5784289836883545},"size":5.830031394958496,"orthographic":false}